<?xml version="1.0" encoding="UTF-8"?>
<configuration debug="false">
	<springProperty scope="context" name="LOG_DIR" source="log.file.dir" defaultValue="/var/log/efe"/>
    <if condition='property("spring.profiles.active").contains("it") || property("spring.profiles.active").isEmpty()'>
        <then>
            <!-- Send debug messages to System.out -->
            <appender name="STDOUT" class="ch.qos.logback.core.ConsoleAppender">
                <encoder>
                    <Pattern>
                      %d{ISO8601} %-5r | %-5p | %c [&quot;%t&quot; %X] %m%n
                    </Pattern>
                </encoder>
            </appender>

            <!-- By default, the level of the root level is set to DEBUG -->
            <root level="INFO">
                <appender-ref ref="STDOUT" />
            </root>
        </then>
        <else>
            <appender name="SERVER_LOG" class="ch.qos.logback.core.rolling.RollingFileAppender">
                <file>${LOG_DIR}/server.log</file>
                <rollingPolicy class="ch.qos.logback.core.rolling.SizeAndTimeBasedRollingPolicy">
                    <fileNamePattern>${LOG_DIR}/server%d{yyyy-MM-dd}.%i.log</fileNamePattern>
                    <maxHistory>10</maxHistory>
                    <maxFileSize>500MB</maxFileSize>
                </rollingPolicy>

                <layout class="ch.qos.logback.classic.PatternLayout">
                    <Pattern>
                      %d{ISO8601} %-5r | %-5p | %c [&quot;%t&quot; %X] %m%n
                    </Pattern>
                </layout>

                <!-- Filter out benign exceptions when JBoss starts up. -->
                <filter class="ch.qos.logback.core.filter.EvaluatorFilter">
                    <evaluator>
                        <expression>level == ERROR &amp;&amp; logger.contains("STDERR") &amp;&amp; message.contains("createRoot")</expression>
                    </evaluator>
                    <onMatch>DENY</onMatch>
                    <onMismatch>NEUTRAL</onMismatch>
                </filter>
                <filter class="ch.qos.logback.core.filter.EvaluatorFilter">
                    <evaluator>
                        <expression>level == ERROR &amp;&amp; logger.contains("STDERR") &amp;&amp; message.contains("contextInitialized")</expression>
                    </evaluator>
                    <onMatch>DENY</onMatch>
                    <onMismatch>NEUTRAL</onMismatch>
                </filter>
                <filter class="ch.qos.logback.core.filter.EvaluatorFilter">
                    <evaluator>
                        <expression>level == ERROR &amp;&amp; logger.contains("STDERR") &amp;&amp; message.contains("&lt;init&gt;")</expression>
                    </evaluator>
                    <onMatch>DENY</onMatch>
                    <onMismatch>NEUTRAL</onMismatch>
                </filter>
                <filter class="ch.qos.logback.core.filter.EvaluatorFilter">
                    <evaluator>
                        <expression>level == ERROR &amp;&amp; logger.contains("catalina.core.ContainerBase") &amp;&amp; message.contains("JnlpDownloadServlet")</expression>
                    </evaluator>
                    <onMatch>DENY</onMatch>
                    <onMismatch>NEUTRAL</onMismatch>
                </filter>
                <filter class="ch.qos.logback.core.filter.EvaluatorFilter">
                    <evaluator>
                        <expression>level == ERROR &amp;&amp; logger.contains("catalina.core.ContainerBase") &amp;&amp; throwable.getMessage().contains("JnlpDownloadServlet")</expression>
                    </evaluator>
                    <onMatch>DENY</onMatch>
                    <onMismatch>NEUTRAL</onMismatch>
                </filter>
                <filter class="ch.qos.logback.core.filter.EvaluatorFilter">
                    <evaluator>
                        <expression>level == WARN &amp;&amp; logger.contains("util.http.Parameters") &amp;&amp; message.contains("Invalid chunk ignored")</expression>
                    </evaluator>
                    <onMatch>DENY</onMatch>
                    <onMismatch>NEUTRAL</onMismatch>
                </filter>
                <filter class="ch.qos.logback.core.filter.EvaluatorFilter">
                    <evaluator>
                        <expression>level == WARN &amp;&amp; logger.contains("commons.httpclient.HttpMethodBase") &amp;&amp; message.contains("Using getResponseBodyAsStream instead is recommended")</expression>
                    </evaluator>
                    <onMatch>DENY</onMatch>
                    <onMismatch>NEUTRAL</onMismatch>
                </filter>
            </appender>


            <appender name="ERROR_LOG" class="ch.qos.logback.core.rolling.RollingFileAppender">
                <file>${LOG_DIR}/error.log</file>
                <rollingPolicy class="ch.qos.logback.core.rolling.SizeAndTimeBasedRollingPolicy">
                    <fileNamePattern>${LOG_DIR}/error%d{yyyy-MM-dd}.%i.log</fileNamePattern>
                    <maxHistory>5</maxHistory>
                    <maxFileSize>50MB</maxFileSize>
                </rollingPolicy>
                <append>false</append>
                <filter class="ch.qos.logback.classic.filter.ThresholdFilter">
                  <level>ERROR</level>
                </filter>


                <layout class="ch.qos.logback.classic.PatternLayout">
                    <Pattern>
                      %d{ISO8601} %-5r | %-5p | %c [&quot;%t&quot; %X] %m%n
                    </Pattern>
                </layout>

                <!-- Filter out benign exceptions when JBoss starts up. -->
                <filter class="ch.qos.logback.core.filter.EvaluatorFilter">
                    <evaluator>
                        <expression> level == ERROR &amp;&amp; logger.contains("STDERR") &amp;&amp; message.contains("createRoot")</expression>
                    </evaluator>
                    <OnMatch>DENY</OnMatch>
                </filter>
                <filter class="ch.qos.logback.core.filter.EvaluatorFilter">
                    <evaluator>
                        <expression> level == ERROR &amp;&amp; logger.contains("STDERR") &amp;&amp; message.contains("contextInitialized")</expression>
                    </evaluator>
                    <OnMatch>DENY</OnMatch>
                </filter>
                <filter class="ch.qos.logback.core.filter.EvaluatorFilter">
                    <evaluator>
                        <expression> level == ERROR &amp;&amp; logger.contains("STDERR") &amp;&amp; message.contains("&lt;init&gt;")</expression>
                    </evaluator>
                    <OnMatch>DENY</OnMatch>
                </filter>

                <!-- Filter out benign exceptions when OI starts up. -->
                <filter class="ch.qos.logback.core.filter.EvaluatorFilter">
                    <evaluator>
                        <expression> level == ERROR &amp;&amp; logger.contains("catalina.core.ContainerBase") &amp;&amp; message.contains("JnlpDownloadServlet")</expression>
                    </evaluator>
                    <OnMatch>DENY</OnMatch>
                </filter>
                <filter class="ch.qos.logback.core.filter.EvaluatorFilter">
                    <evaluator>
                        <expression> level == ERROR &amp;&amp; logger.contains("catalina.core.ContainerBase") &amp;&amp; throwable.getMessage().contains("JnlpDownloadServlet")</expression>
                    </evaluator>
                    <OnMatch>DENY</OnMatch>
                </filter>
            </appender>


            <!-- ======================================================================
                 EFE Custom log
              ======================================================================= -->
            <appender name="DENIED_FILER_LOG" class="ch.qos.logback.core.rolling.RollingFileAppender">
                <file>${LOG_DIR}/filer-denied.log</file>
                <append>true</append>
                <rollingPolicy class="ch.qos.logback.core.rolling.SizeAndTimeBasedRollingPolicy">
                    <fileNamePattern>${LOG_DIR}/filer-denied.%d{yyyy-MM-dd}.%i.log"</fileNamePattern>
                    <maxFileSize>50MB</maxFileSize>
                    <maxHistory>5</maxHistory>
                </rollingPolicy>


                <layout class="ch.qos.logback.classic.PatternLayout">
                    <Pattern>
                      %d{ISO8601} %-5r | %-5p | %c [&quot;%t&quot; %X] %m%n
                    </Pattern>
                </layout>
            </appender>

            <appender name="ETXBRIDGE_LOG" class="ch.qos.logback.core.rolling.RollingFileAppender">
                <file>${LOG_DIR}/etxbridge.log</file>
                <append>true</append>
                <rollingPolicy class="ch.qos.logback.core.rolling.SizeAndTimeBasedRollingPolicy">
                    <fileNamePattern>${LOG_DIR}/etxbridge.%d{yyyy-MM-dd}.%i.log</fileNamePattern>
                    <maxFileSize>50MB</maxFileSize>
                    <maxHistory>10</maxHistory>
                </rollingPolicy>


                <layout class="ch.qos.logback.classic.PatternLayout">
                    <Pattern>
                      %d{ISO8601} %-5r | %-5p | %c [&quot;%t&quot; %X] %m%n
                    </Pattern>
                </layout>
            </appender>

            <appender name="ETXBRIDGE_601_LOG" class="ch.qos.logback.core.rolling.RollingFileAppender">
                <file>${LOG_DIR}/etx601.log</file>
                <append>true</append>
                <rollingPolicy class="ch.qos.logback.core.rolling.SizeAndTimeBasedRollingPolicy">
                    <fileNamePattern>${LOG_DIR}/etx601.%d{yyyy-MM-dd}.%i.log</fileNamePattern>
                    <maxFileSize>50MB</maxFileSize>
                    <maxHistory>10</maxHistory>
                </rollingPolicy>


                <layout class="ch.qos.logback.classic.PatternLayout">
                    <Pattern>
                      %d{ISO8601} %-5r | %-5p | %c [&quot;%t&quot; %X] %m%n
                    </Pattern>
                </layout>
            </appender>

            <appender name="SWITCH_COMPARISON_LOG" class="ch.qos.logback.core.rolling.RollingFileAppender">
                <file>${LOG_DIR}/switch-comparison.log</file>
                <append>true</append>
                <rollingPolicy class="ch.qos.logback.core.rolling.SizeAndTimeBasedRollingPolicy">
                    <fileNamePattern>${LOG_DIR}/switch-comparison.%d{yyyy-MM-dd}.%i.log</fileNamePattern>
                    <maxFileSize>50MB</maxFileSize>
                    <maxHistory>10</maxHistory>
                </rollingPolicy>


                <layout class="ch.qos.logback.classic.PatternLayout">
                    <Pattern>
                      %d{ISO8601} %-5r | %-5p | %c [&quot;%t&quot; %X] %m%n
                    </Pattern>
                </layout>
            </appender>

            <appender name="SIM_LOG" class="ch.qos.logback.core.rolling.RollingFileAppender">
                <file>${LOG_DIR}/simulator.log</file>
                <append>false</append>
                <rollingPolicy class="ch.qos.logback.core.rolling.SizeAndTimeBasedRollingPolicy">
                    <fileNamePattern>${LOG_DIR}/simulator.%d{yyyy-MM-dd}.%i.log</fileNamePattern>
                    <maxFileSize>50MB</maxFileSize>
                    <maxHistory>10</maxHistory>
                </rollingPolicy>


                <layout class="ch.qos.logback.classic.PatternLayout">
                    <Pattern>
                      %d{ISO8601} %-5r | %-5p | %c [&quot;%t&quot; %X] %m%n
                    </Pattern>
                </layout>
            </appender>

            <appender name="AUDIT_LOG" class="ch.qos.logback.core.rolling.RollingFileAppender">
                <file>${LOG_DIR}/audit.log</file>
                <append>false</append>
                <rollingPolicy class="ch.qos.logback.core.rolling.SizeAndTimeBasedRollingPolicy">
                    <fileNamePattern>${LOG_DIR}/audit.%d{yyyy-MM-dd}.%i.log</fileNamePattern>
                    <maxFileSize>50MB</maxFileSize>
                    <maxHistory>10</maxHistory>
                </rollingPolicy>


                <layout class="ch.qos.logback.classic.PatternLayout">
                    <Pattern>
                      %d{ISO8601} %-5r | %-5p | %c [&quot;%t&quot; %X] %m%n
                    </Pattern>
                </layout>
            </appender>

            <appender name="LAUNCHPAD_SECURIY_LOG" class="ch.qos.logback.core.rolling.RollingFileAppender">
                <!--  Launchpad may require the host name in the filename - for now assume this is not the case
                      because the hostname is already in each log record and this makes splunk configuration difficult.
                <file>${LOG_DIR}/launchpad/EFE-${jboss.bind.address}-audit.log</file>
                -->
                <file>${LOG_DIR}/launchpad/EFE-audit.log</file>
                <append>true</append>
                <rollingPolicy class="ch.qos.logback.core.rolling.SizeAndTimeBasedRollingPolicy">
                    <fileNamePattern>${LOG_DIR}/launchpad/EFE-audit.%d{yyyy-MM-dd}.%i.log</fileNamePattern>
                    <maxFileSize>50MB</maxFileSize>
                    <maxHistory>10</maxHistory>
                </rollingPolicy>

                <layout class="ch.qos.logback.classic.PatternLayout">
                    <Pattern>
                      %d{ISO8601} %-5r | %-5p | %c [&quot;%t&quot; %X] %m%n
                    </Pattern>
                </layout>
            </appender>

            <appender name="SYNC_LOG" class="ch.qos.logback.core.rolling.RollingFileAppender">
                <file>${LOG_DIR}/sync.log</file>
                <append>true</append>
                <rollingPolicy class="ch.qos.logback.core.rolling.SizeAndTimeBasedRollingPolicy">
                    <fileNamePattern>${LOG_DIR}/sync.%d{yyyy-MM-dd}.%i.log</fileNamePattern>
                    <maxFileSize>50MB</maxFileSize>
                    <maxHistory>20</maxHistory>
                </rollingPolicy>


                <layout class="ch.qos.logback.classic.PatternLayout">
                    <Pattern>
                      %d{ISO8601} %-5r | %-5p | %c [&quot;%t&quot; %X] %m%n
                    </Pattern>
                </layout>
            </appender>

            <appender name="CONVERTER_LOG" class="ch.qos.logback.core.rolling.RollingFileAppender">
                <file>${LOG_DIR}/converter.log</file>
                <append>false</append>
                <rollingPolicy class="ch.qos.logback.core.rolling.SizeAndTimeBasedRollingPolicy">
                    <fileNamePattern>${LOG_DIR}/converter.%d{yyyy-MM-dd}.%i.log</fileNamePattern>
                    <maxFileSize>50MB</maxFileSize>
                    <maxHistory>10</maxHistory>
                </rollingPolicy>


                <layout class="ch.qos.logback.classic.PatternLayout">
                    <Pattern>
                      %d{ISO8601} %-5r | %-5p | %c [&quot;%t&quot; %X] %m%n
                    </Pattern>
                </layout>
            </appender>

            <appender name="REPORTER_LOG" class="ch.qos.logback.core.rolling.RollingFileAppender">
                <file>${LOG_DIR}/reporter.log</file>
                <append>false</append>
                <rollingPolicy class="ch.qos.logback.core.rolling.SizeAndTimeBasedRollingPolicy">
                    <fileNamePattern>${LOG_DIR}/reporter.%d{yyyy-MM-dd}.%i.log</fileNamePattern>
                    <maxFileSize>50MB</maxFileSize>
                    <maxHistory>10</maxHistory>
                </rollingPolicy>


                <layout class="ch.qos.logback.classic.PatternLayout">
                    <Pattern>
                      %d{ISO8601} %-5r | %-5p | %c [&quot;%t&quot; %X] %m%n
                    </Pattern>
                </layout>
            </appender>

            <appender name="RISKDATALOADER_LOG" class="ch.qos.logback.core.rolling.RollingFileAppender">
                <file>${LOG_DIR}/riskdataloader.log</file>
                <append>false</append>
                <rollingPolicy class="ch.qos.logback.core.rolling.SizeAndTimeBasedRollingPolicy">
                    <fileNamePattern>${LOG_DIR}/riskdataloader.%d{yyyy-MM-dd}.%i.log</fileNamePattern>
                    <maxFileSize>50MB</maxFileSize>
                    <maxHistory>10</maxHistory>
                </rollingPolicy>


                <layout class="ch.qos.logback.classic.PatternLayout">
                    <Pattern>
                      %d{ISO8601} %-5r | %-5p | %c [&quot;%t&quot; %X] %m%n
                    </Pattern>
                </layout>
            </appender>

            <appender name="BATCHER_LOG" class="ch.qos.logback.core.rolling.RollingFileAppender">
                <file>${LOG_DIR}/batcher.log</file>
                <append>false</append>
                <rollingPolicy class="ch.qos.logback.core.rolling.SizeAndTimeBasedRollingPolicy">
                    <fileNamePattern>${LOG_DIR}/batcher.%d{yyyy-MM-dd}.%i.log</fileNamePattern>
                    <maxFileSize>50MB</maxFileSize>
                    <maxHistory>10</maxHistory>
                </rollingPolicy>


                <layout class="ch.qos.logback.classic.PatternLayout">
                    <Pattern>
                      %d{ISO8601} %-5r | %-5p | %c [&quot;%t&quot; %X] %m%n
                    </Pattern>
                </layout>
            </appender>

            <appender name="TRANSMITTER_LOG" class="ch.qos.logback.core.rolling.RollingFileAppender">
                <file>${LOG_DIR}/transmitter.log</file>
                <append>false</append>
                <rollingPolicy class="ch.qos.logback.core.rolling.SizeAndTimeBasedRollingPolicy">
                    <fileNamePattern>${LOG_DIR}/transmitter.%d{yyyy-MM-dd}.%i.log</fileNamePattern>
                    <maxFileSize>50MB</maxFileSize>
                    <maxHistory>10</maxHistory>
                </rollingPolicy>


                <layout class="ch.qos.logback.classic.PatternLayout">
                    <Pattern>
                      %d{ISO8601} %-5r | %-5p | %c [&quot;%t&quot; %X] %m%n
                    </Pattern>
                </layout>
            </appender>


            <appender name="HIBERNATE_LOG" class="ch.qos.logback.core.rolling.RollingFileAppender">
                <file>${LOG_DIR}/hibernate.log</file>
                <append>false</append>
                <filter class="ch.qos.logback.classic.filter.ThresholdFilter">
                  <level>DEBUG</level>
                </filter>
                <rollingPolicy class="ch.qos.logback.core.rolling.SizeAndTimeBasedRollingPolicy">
                    <fileNamePattern>${LOG_DIR}/hibernate.%d{yyyy-MM-dd}.%i.log</fileNamePattern>
                    <maxFileSize>50MB</maxFileSize>
                    <maxHistory>10</maxHistory>
                </rollingPolicy>


                <layout class="ch.qos.logback.classic.PatternLayout">
                    <Pattern>
                      %d{ISO8601} %-5r | %-5p | %c [&quot;%t&quot; %X] %m%n
                    </Pattern>
                </layout>
            </appender>

            <appender name="EMS_LOG_SITE_C" class="ch.qos.logback.core.rolling.RollingFileAppender">
                <file>${LOG_DIR}/ems/siteC.log</file>
                <append>true</append>
                <rollingPolicy class="ch.qos.logback.core.rolling.SizeAndTimeBasedRollingPolicy">
                    <fileNamePattern>${LOG_DIR}/ems/siteC.%d{yyyy-MM-dd}.%i.log</fileNamePattern>
                    <maxFileSize>50MB</maxFileSize>
                    <maxHistory>10</maxHistory>
                </rollingPolicy>


                <layout class="ch.qos.logback.classic.PatternLayout">
                    <Pattern>
                      %d{ISO8601} %-5r | %-5p | %c [&quot;%t&quot; %X] %m%n
                    </Pattern>
                </layout>
            </appender>

            <appender name="EMS_LOG_SITE_E" class="ch.qos.logback.core.rolling.RollingFileAppender">
                <file>${LOG_DIR}/ems/siteE.log</file>
                <append>true</append>
                <rollingPolicy class="ch.qos.logback.core.rolling.SizeAndTimeBasedRollingPolicy">
                    <fileNamePattern>${LOG_DIR}/ems/siteE.%d{yyyy-MM-dd}.%i.log</fileNamePattern>
                    <maxFileSize>50MB</maxFileSize>
                    <maxHistory>10</maxHistory>
                </rollingPolicy>


                <layout class="ch.qos.logback.classic.PatternLayout">
                    <Pattern>
                      %d{ISO8601} %-5r | %-5p | %c [&quot;%t&quot; %X] %m%n
                    </Pattern>
                </layout>
            </appender>

            <appender name="EMS_LOG_SITE_F" class="ch.qos.logback.core.rolling.RollingFileAppender">
                <file>${LOG_DIR}/ems/siteF.log</file>
                <append>true</append>
                <rollingPolicy class="ch.qos.logback.core.rolling.SizeAndTimeBasedRollingPolicy">
                    <fileNamePattern>${LOG_DIR}/ems/siteF.%d{yyyy-MM-dd}.%i.log</fileNamePattern>
                    <maxFileSize>50MB</maxFileSize>
                    <maxHistory>10</maxHistory>
                </rollingPolicy>


                <layout class="ch.qos.logback.classic.PatternLayout">
                    <Pattern>
                      %d{ISO8601} %-5r | %-5p | %c [&quot;%t&quot; %X] %m%n
                    </Pattern>
                </layout>
            </appender>
            <appender name="EMS_LOG_SITE_G" class="ch.qos.logback.core.rolling.RollingFileAppender">
                <file>${LOG_DIR}/ems/siteG.log</file>
                <append>true</append>
                <rollingPolicy class="ch.qos.logback.core.rolling.SizeAndTimeBasedRollingPolicy">
                    <fileNamePattern>${LOG_DIR}/ems/siteG.%d{yyyy-MM-dd}.%i.log</fileNamePattern>
                    <maxFileSize>50MB</maxFileSize>
                    <maxHistory>10</maxHistory>
                </rollingPolicy>

                <layout class="ch.qos.logback.classic.PatternLayout">
                    <Pattern>
                      %d{ISO8601} %-5r | %-5p | %c [&quot;%t&quot; %X] %m%n
                    </Pattern>
                </layout>
            </appender>
            <appender name="EMS_LOG_SITE_H" class="ch.qos.logback.core.rolling.RollingFileAppender">
                <file>${LOG_DIR}/ems/siteH.log</file>
                <append>true</append>
                <rollingPolicy class="ch.qos.logback.core.rolling.SizeAndTimeBasedRollingPolicy">
                    <fileNamePattern>${LOG_DIR}/ems/siteH.%d{yyyy-MM-dd}.%i.log</fileNamePattern>
                    <maxFileSize>50MB</maxFileSize>
                    <maxHistory>10</maxHistory>
                </rollingPolicy>

                <layout class="ch.qos.logback.classic.PatternLayout">
                    <Pattern>
                      %d{ISO8601} %-5r | %-5p | %c [&quot;%t&quot; %X] %m%n
                    </Pattern>
                </layout>
            </appender>
            <appender name="EMS_LOG_94X" class="ch.qos.logback.core.rolling.RollingFileAppender">
                <file>${LOG_DIR}/ems/94x.log</file>
                <append>true</append>
                <rollingPolicy class="ch.qos.logback.core.rolling.SizeAndTimeBasedRollingPolicy">
                    <fileNamePattern>${LOG_DIR}/ems/94x.%d{yyyy-MM-dd}.%i.log</fileNamePattern>
                    <maxFileSize>50MB</maxFileSize>
                    <maxHistory>10</maxHistory>
                </rollingPolicy>

                <layout class="ch.qos.logback.classic.PatternLayout">
                    <Pattern>
                      %d{ISO8601} %-5r | %-5p | %c [&quot;%t&quot; %X] %m%n
                    </Pattern>
                </layout>
            </appender>
            <appender name="EMS_LOG_94X_RA" class="ch.qos.logback.core.rolling.RollingFileAppender">
                <file>${LOG_DIR}/ems/94xRA.log</file>
                <append>true</append>
                <rollingPolicy class="ch.qos.logback.core.rolling.SizeAndTimeBasedRollingPolicy">
                    <fileNamePattern>${LOG_DIR}/ems/94xRA.%d{yyyy-MM-dd}.%i.log</fileNamePattern>
                    <maxFileSize>50MB</maxFileSize>
                    <maxHistory>10</maxHistory>
                </rollingPolicy>

                <layout class="ch.qos.logback.classic.PatternLayout">
                    <Pattern>
                      %d{ISO8601} %-5r | %-5p | %c [&quot;%t&quot; %X] %m%n
                    </Pattern>
                </layout>
            </appender>

            <appender name="BANKING_SERVICES" class="ch.qos.logback.core.rolling.RollingFileAppender">
                <file>${LOG_DIR}/banking_services.log</file>
                <append>true</append>
                <rollingPolicy class="ch.qos.logback.core.rolling.SizeAndTimeBasedRollingPolicy">
                    <fileNamePattern>${LOG_DIR}/banking_services.%d{yyyy-MM-dd}.%i.log</fileNamePattern>
                    <maxFileSize>50MB</maxFileSize>
                    <maxHistory>1</maxHistory>
                </rollingPolicy>


                <layout class="ch.qos.logback.classic.PatternLayout">
                    <Pattern>
                      %d{ISO8601} %-5r | %-5p | %c [&quot;%t&quot; %X] %m%n
                    </Pattern>
                </layout>
            </appender>


            <!-- ============================== -->
            <!-- Append messages to the console -->
            <!-- ============================== -->

            <appender name="CONSOLE" class="ch.qos.logback.core.ConsoleAppender">
                <filter class="ch.qos.logback.classic.filter.ThresholdFilter">
                  <level>WARN</level>
                </filter>

                <layout class="ch.qos.logback.classic.PatternLayout">
                    <Pattern>
                      %d{ISO8601} %-5r | %-5p | %c [&quot;%t&quot; %X] %m%n
                    </Pattern>

                </layout>

                <!-- Filter out benign exceptions when JBoss starts up. -->
                <filter class="ch.qos.logback.core.filter.EvaluatorFilter">
                    <evaluator>
                      <expression> level == ERROR &amp;&amp; logger.contains("STDERR") &amp;&amp; message.contains("createRoot")</expression>
                    </evaluator>
                    <OnMatch>DENY</OnMatch>
                </filter>
                <filter class="ch.qos.logback.core.filter.EvaluatorFilter">
                    <evaluator>
                      <expression> level == ERROR &amp;&amp; logger.contains("STDERR") &amp;&amp; message.contains("contextInitialized")</expression>
                    </evaluator>
                    <OnMatch>DENY</OnMatch>
                </filter>
                <filter class="ch.qos.logback.core.filter.EvaluatorFilter">
                    <evaluator>
                      <expression> level == ERROR &amp;&amp; logger.contains("STDERR") &amp;&amp; message.contains("&lt;init&gt;")</expression>
                    </evaluator>
                    <OnMatch>DENY</OnMatch>
                </filter>

                <!-- Filter out benign exceptions when OI starts up. -->
                <filter class="ch.qos.logback.core.filter.EvaluatorFilter">
                    <evaluator>
                      <expression> level == ERROR &amp;&amp; logger.contains("catalina.core.ContainerBase") &amp;&amp; message.contains("JnlpDownloadServlet")</expression>
                    </evaluator>
                    <OnMatch>DENY</OnMatch>
                </filter>
                <filter class="ch.qos.logback.core.filter.EvaluatorFilter">
                    <evaluator>
                      <expression> level == ERROR &amp;&amp; logger.contains("catalina.core.ContainerBase") &amp;&amp; throwable.getMessage().contains("JnlpDownloadServlet")</expression>
                    </evaluator>
                    <OnMatch>DENY</OnMatch>
                </filter>

                <!-- Filter out benign exceptions from REST. -->
                <filter class="ch.qos.logback.core.filter.EvaluatorFilter">
                    <evaluator>
                      <expression> level == WARN &amp;&amp; logger.contains("util.http.Parameters") &amp;&amp; message.contains("Invalid chunk ignored")</expression>
                    </evaluator>
                    <OnMatch>DENY</OnMatch>
                </filter>

                <!-- Filter out benign exceptions from ETX volume check. It's not including the content-length, resulting in the unknown size warning from HttpMethodBase. -->
                <filter class="ch.qos.logback.core.filter.EvaluatorFilter">
                    <evaluator>
                      <expression> level == WARN &amp;&amp; logger.contains("commons.httpclient.HttpMethodBase") &amp;&amp; message.contains("Using getResponseBodyAsStream instead is recommended")</expression>
                    </evaluator>
                    <OnMatch>DENY</OnMatch>
                </filter>
            </appender>

            <appender name="QUERY_SERVICE_LOG" class="ch.qos.logback.core.rolling.RollingFileAppender">
                <file>${LOG_DIR}/query_service.log</file>
                <append>true</append>
                <rollingPolicy class="ch.qos.logback.core.rolling.SizeAndTimeBasedRollingPolicy">
                    <fileNamePattern>${LOG_DIR}/query_service.%d{yyyy-MM-dd}.%i.log</fileNamePattern>
                    <maxFileSize>50MB</maxFileSize>
                    <maxHistory>10</maxHistory>
                </rollingPolicy>


                <layout class="ch.qos.logback.classic.PatternLayout">
                    <Pattern>
                      %d{ISO8601} %-5r | %-5p | %c [&quot;%t&quot; %X] %m%n
                    </Pattern>
                </layout>
            </appender>

            <!-- =====================================================================
                EFE Specific logging
             ======================================================================= -->
            <logger name="com.intuit">
                <level value="INFO"/>
            </logger>

            <!--logger name="com.intuit.engine.efp.efe.agency.core.AckReceiver">
                <level value="WARN"/>
            </logger-->



            <!-- Hide Regulator Warnings- keep printing out timeouts -->
            <logger name="com.intuit.engine.efp.efe.agency.core.Regulator">
                <level value="ERROR"/>
            </logger>

            <!-- Print out the the routes filings take in efe -->
            <logger name="com.intuit.engine.efp.efe.router.RouterBean">
                <level value="WARN"/>
                <!-- appender-ref ref="ROUTINGS"/-->
            </logger>

            <logger name="com.intuit.engine.efp.efe.mpc.messaging">
                <level value="INFO"/>
                <!-- appender-ref ref="ROUTINGS"/-->
            </logger>

            <logger name="com.intuit.engine.efp.efe.filer.server.v2.FilerService">
                <level value="INFO"/>
            </logger>

            <logger name="launchpad.security.log">
                <level value="INFO" />
                <appender-ref ref="LAUNCHPAD_SECURIY_LOG"/>
            </logger>

            <!-- Logs detailed info about why a filer was rejected (masking PII). This
                  is intended to be used when a CSR asks why a filer's submission
                  was denied by EFE. -->
            <logger name="com.intuit.engine.efp.efe.filer.DeniedFiler" additivity="false">
                <level value="INFO"/>
                <appender-ref ref="DENIED_FILER_LOG"/>
            </logger>

            <logger name="com.intuit.engine.efp.efe.etxbridge" additivity="false">
                <!-- level value="INFO"/ -->
                <appender-ref ref="ETXBRIDGE_LOG"/>
            </logger>

            <logger name="com.intuit.engine.efp.efe.filerservice.endpoints.bridge" additivity="false">
                <appender-ref ref="ETXBRIDGE_LOG" />
            </logger>

            <logger name="com.intuit.engine.efp.efe.filer.bridge" additivity="false">
                <!-- level value="INFO"/ -->
                <appender-ref ref="ETXBRIDGE_LOG"/>
            </logger>

            <logger name="com.intuit.engine.efp.efe.etxbridge.bean" additivity="false">
                <level value="INFO"/>
                <appender-ref ref="ETXBRIDGE_LOG"/>
            </logger>

            <logger name="com.intuit.engine.efp.efe.etxbridge.601" additivity="false">
                <appender-ref ref="ETXBRIDGE_601_LOG"/>
                <appender-ref ref="ETXBRIDGE_LOG"/>
            </logger>

            <logger name="com.intuit.engine.efp.efe.simulator" additivity="false">
                <level value="INFO"/>
                <appender-ref ref="SIM_LOG"/>
            </logger>

            <!-- IRS MeF simulator payload parsers only!  (Set to DEBUG for simulator debugging. -->
            <logger name="com.intuit.engine.efp.efe.simulator.irs.bit.mef.payloadparsers" additivity="false">
                <level value="INFO" />
                <appender-ref ref="SIM_LOG" />
            </logger>

            <logger name="com.intuit.engine.efp.efe.oi">
                <level value="INFO"/>
            </logger>

            <logger name="org.hibernate">
                <level value="ERROR"/>
            </logger>

            <!-- JBPAPP-423 -->
            <logger name="org.apache.tomcat.util.net.JIoEndpoint">
                <level value="FATAL"/>
            </logger>


            <!-- Audit Logs -->
            <!-- Logs only to audit log and not to screen. -->
            <logger name="security.audit" additivity="false">
                <level value="INFO" />
                <appender-ref ref="AUDIT_LOG"/>
            </logger>

            <logger name="transmitter" additivity="false">
                <level value="INFO"/>
                <appender-ref ref="TRANSMITTER_LOG"/>
            </logger>

            <logger name="batcher" additivity="false">
                <level value="INFO"/>
                <appender-ref ref="BATCHER_LOG"/>
            </logger>

            <logger name="converter" additivity="false">
                <level value="INFO"/>
                <appender-ref ref="CONVERTER_LOG"/>
            </logger>

            <logger name="com.intuit.engine.efp.efe.dataservice.reportriskupdater" additivity="true">
                <level value="INFO"/>
                <appender-ref ref="REPORTER_LOG"/>
            </logger>

            <logger name="com.intuit.engine.efp.efe.dataservice.reportfeeder" additivity="true">
                <level value="INFO"/>
                <appender-ref ref="REPORTER_LOG"/>
            </logger>

            <logger name="com.intuit.engine.efp.efe.dataservice.riskdataloader" additivity="true">
                <level value="INFO"/>
                <appender-ref ref="RISKDATALOADER_LOG"/>
            </logger>


            <!-- Sync Logging -->
            <logger name="sync.log" additivity="false">
                <level value="INFO" />
                <appender-ref ref="SYNC_LOG"/>
            </logger>

            <!-- IRS EMS Logging -->
            <logger name="IRS-IIT-PER-REG-C" additivity="false">
                <level value="TRACE" />
                <appender-ref ref="EMS_LOG_SITE_C"/>
            </logger>
            <logger name="IRS-IIT-PER-REG-E" additivity="false">
                <level value="TRACE" />
                <appender-ref ref="EMS_LOG_SITE_E"/>
            </logger>
            <logger name="IRS-IIT-PER-REG-F" additivity="false">
                <level value="TRACE" />
                <appender-ref ref="EMS_LOG_SITE_F"/>
            </logger>
            <logger name="IRS-IIT-PER-REG-G" additivity="false">
                <level value="TRACE" />
                <appender-ref ref="EMS_LOG_SITE_G"/>
            </logger>
            <logger name="IRS-IIT-PER-REG-H" additivity="false">
                <level value="TRACE" />
                <appender-ref ref="EMS_LOG_SITE_H"/>
            </logger>
            <logger name="IRS-94X-RA-REGULATOR-FILING" additivity="false">
                <level value="TRACE" />
                <appender-ref ref="EMS_LOG_94X_RA"/>
            </logger>
            <logger name="IRS-94X-REGULATOR-FILING" additivity="false">
                <level value="TRACE" />
                <appender-ref ref="EMS_LOG_94X"/>
            </logger>

            <logger name="com.intuit.engine.efp.efe.router.helpers.ChildrenRoutingHelper">
                <level value="TRACE" />
                <appender-ref ref="BANKING_SERVICES"/>
            </logger>

            <logger name="com.intuit.engine.efp.efe.paymentadapter.PaymentAdapter">
                <level value="INFO" />
                <appender-ref ref="BANKING_SERVICES"/>
            </logger>

            <!-- IDPS SDK -->
            <logger name="IDPS-SDK">
                <level value="INFO"/>
            </logger>

            <!-- ======================= -->
            <!-- Setup the Root logger -->
            <!-- ======================= -->

            <root>
                <!-- set root logger level to WARN -->
                <level value="WARN"/>

                <!-- attach CONSOLE appender to root logger -->
                <appender-ref ref="CONSOLE"/>
                <appender-ref ref="SERVER_LOG"/>
                <appender-ref ref="ERROR_LOG"/>
            </root>
        </else>
    </if>
</configuration>
